id;username;email;password;enable
1;Buckinghamshire Internal;Shany64@hotmail.com;digital;true
2;benchmark Kids invoice;Aniyah.Dach40@hotmail.com;connecting Leone Path;true
3;matrices Somoni redundant;Nat.Torphy@yahoo.com;Handmade;true
4;even-keeled SCSI;Berneice.Feest64@gmail.com;indigo Forward open-source;false
5;Health capacitor Facilitator;Alyce.Padberg@yahoo.com;morph;true
6;withdrawal Honduras 4th generation;Cicero_Ebert49@hotmail.com;interactive;false
7;navigating;Leonardo.Renner9@yahoo.com;Frozen Gloves virtual;true
8;virtual back up;Cloyd40@yahoo.com;impactful Beauty Human;true
9;Romania;Ladarius34@hotmail.com;e-commerce Bedfordshire reciprocal;false
10;open-source Executive;Clay.Schmidt@hotmail.com;Handcrafted backing up invoice;false
